id	description	sequence_reading_order
M-100A	unicorn IV seal	P385 P122 P316 P073 P324 P013
M-101A	unicorn IV seal	P385 P122 P003 P324 P210 P086
M-102A	unicorn IV seal	P226 P154 P123 P004
M-103A	unicorn IV seal	P378 P122 P124 P086
M-104A	unicorn IV seal	P359 P060 P050 P324 P013
M-105A	unicorn IV seal	P154 P120 P326 P056 P364 P324 P324
M-106A	unicorn IV seal	P000 P332 P324
M-107A	unicorn IV seal	P071 P054 P122 P058 P238 P324
M-108A	unicorn IV seal	P378 P230 P075 P201 P050 P378 P099
M-109A	unicorn IV seal	P011 P084 P122 P092 P050 P381 P324
M-10A	unicorn I seal	P221 P067 P122 P364 P060 P316 P151 P114 P204 P086
M-110A	unicorn IV seal	P385 P122 P000
M-111A	unicorn IV seal	P378 P378 P121 P058 P303 P160 P324
M-112A	unicorn IV seal	P254 P285 P325 P111 P126 P056 P332 P324
M-113A	unicorn IV seal	P156 P120 P325 P349 P145 P324
M-114A	unicorn IV seal	P095 P205 P122 P283 P332 P324
M-115A	unicorn IV seal	P076 P205 P122 P364 P194 P011 P352 P086
M-116A	unicorn IV seal	P385 P122 P139 P349 P194 P009 P324
M-117A	unicorn IV seal	P378 P122 P142 P364 P050 P316 P147 P217
M-118A	unicorn IV seal	P385 P122 P364 P058 P316 P147 P096 P324
M-119A	unicorn IV seal	P230 P154 P145 P270 P035 P086 P122 P195 P309 P001
M-120A	unicorn IV seal	P044 P349 P325 P288 P009 P324
M-121A	unicorn IV seal	P075 P058 P355 P154 P324
M-122A	unicorn IV seal	P316 P147 P217
M-123A	unicorn IV seal	P114 P202 P014 P098
M-124A	unicorn IV seal	P145 P050 P175 P324
M-125A	unicorn IV seal	P108 P144 P000
M-126A	unicorn IV seal	P256 P120 P234 P230 P000
M-127A	unicorn IV seal	P194 P324 P060 P324 P238
M-128A	unicorn IV seal	P316 P208 P324 P364 P175 P324
M-129A	unicorn IV seal	P293 P325 P060 P062 P058 P217
M-12A	unicorn II seal	P108 P182 P386 P202 P122 P058 P276 P086 P324
M-130A	unicorn IV seal	P032 P122 P145 P050 P003 P324
M-131A	unicorn IV seal	P355 P086 P325 P276 P086 P324
M-132A	unicorn IV seal	P226 P123 P004
M-133A	unicorn IV seal	P110 P174 P369 P073 P050 P062 P230 P301
M-134A	unicorn IV seal	P256 P145 P390
M-135A	unicorn IV seal	P144 P316 P147 P217
M-136A	unicorn IV seal	P226 P177 P144 P126 P050 P324 P013
M-137A	unicorn IV seal	P379
M-138A	unicorn IV seal	P125 P154 P324
M-139A	unicorn IV seal	P294 P325 P061 P368 P147
M-13A	unicorn II seal	P035 P205 P202
M-140A	unicorn IV seal	P221 P283 P201 P050 P145 P309 P324
M-141A	unicorn IV seal	P000 P122 P000
M-142A	unicorn IV seal	P385 P122 P011 P022
M-143A	unicorn IV seal	P349 P170 P145 P122 P082 P324
M-144A	unicorn IV seal	P385 P122 P062 P092 P009 P324
M-145A	unicorn IV seal	P384 P031 P098 P324
M-146A	unicorn IV seal	P256 P120 P160 P073 P324
M-147A	unicorn IV seal	P217 P221 P050 P122 P364 P051
M-148A	unicorn IV seal	P231 P385 P324
M-149A	unicorn IV seal	P230 P120 P283 P332 P324
M-14A	unicorn II seal	P385 P122 P210 P117 P324
M-150A	unicorn IV seal	P368 P324
M-151A	unicorn IV seal	P393 P201 P050
M-152A	unicorn IV seal	P385 P122 P096 P324
M-153A	unicorn IV seal	P076 P026 P067
M-154A	unicorn IV seal	P265 P182 P300 P122 P092 P050 P217
M-155A	unicorn IV seal	P144 P194 P324
M-157A	unicorn IV seal	P378 P121 P075 P058 P355 P154 P324
M-158A	unicorn IV seal	P230 P120 P126 P086
M-159A	unicorn IV seal	P290 P166 P325 P136 P324
M-15A	unicorn II seal	P385 P122 P194 P324 P013
M-160A	unicorn IV seal	P325 P378 P122 P144 P048 P001
M-161A	unicorn IV seal	P123 P037 P268 P268
M-162A	unicorn IV seal	P123 P234 P230 P349 P332 P324
M-163A	unicorn IV seal	P378 P120 P092 P050 P217
M-164A	unicorn IV seal	P385 P122 P204 P031 P324
M-165A	unicorn IV seal	P076 P324 P385 P122 P086 P325 P121 P332 P324
M-166A	unicorn IV seal	P385 P122 P364 P062 P349 P086
M-167A	unicorn IV seal	P385 P000 P324
M-169A	unicorn IV seal	P145 P000 P127 P289 P324
M-16A	unicorn II seal	P346 P151 P026 P378
M-170A	unicorn IV seal	P385 P325 P145 P114 P204 P086 P175 P324
M-171A	unicorn IV seal	P256 P120 P364 P058 P175 P324 P204 P086
M-172A	unicorn IV seal	P355 P117 P050 P121 P128 P086
M-173A	unicorn IV seal	P364 P303 P160 P110 P324
M-174A	unicorn IV seal	P378 P122 P145 P050 P175 P324
M-175A	unicorn V seal	P385 P122 P000
M-176A	unicorn V seal	P255 P000
M-177A	unicorn V seal	P385 P122 P123 P086
M-178A	unicorn V seal	P126 P086
M-179A	unicorn V seal	P123 P086
M-17A	unicorn II seal	P232 P369 P122 P126 P086
M-180A	unicorn V seal	P265 P324
M-181A	unicorn V seal	P207 P205 P122 P193 P217
M-182A	unicorn V seal	P095 P324
M-183A	unicorn V seal	P205 P120 P058 P217
M-184A	unicorn V seal	P359 P010 P324 P013
M-18A	unicorn II seal	P142 P324 P341
M-19A	unicorn II seal	P385 P122 P000
M-1A	unicorn I seal	P108 P073 P385 P202 P121
M-20A	unicorn II seal	P275 P215 P147 P147 P385 P122 P125 P086
M-21A	unicorn II seal	P385 P122 P145 P256 P272 P324 P121 P091
M-22A	unicorn II seal	P000 P230 P145 P050 P194 P172 P324
M-23A	unicorn II seal	P202 P076 P390 P350 P160 P121 P060 P050 P217 P256 P120 P197 P324
M-24A	unicorn II seal	P011 P174 P122 P060 P062 P324 P013
M-25A	unicorn II seal	P276 P316 P050 P268 P268
M-26A	unicorn II seal	P256 P120 P228 P324 P013
M-27A	unicorn II seal	P123 P154 P311 P325 P364 P060 P238
M-28A	unicorn II seal	P385 P122 P095 P349 P332 P324 P103 P000
M-29A	unicorn II seal	P210 P221 P050 P122 P364 P060 P062 P142 P324
M-30A	unicorn II seal	P364 P060 P062 P210 P127 P332 P324
M-31A	unicorn III seal	P378 P120 P058 P275 P067 P324
M-32A	unicorn III seal	P385 P122 P123 P086
M-33A	unicorn III seal	P041 P122 P058 P111 P175 P145 P324
M-34A	unicorn III seal	P103 P108 P086 P122 P194 P309 P324
M-35A	unicorn III seal	P007 P122 P056 P058 P276 P086 P324
M-36A	unicorn III seal	P307 P174 P202 P122 P145 P050 P270 P358 P324
M-37A	unicorn III seal	P092 P050 P217
M-38A	unicorn III seal	P145 P270 P035 P086 P122 P060 P062 P145 P050 P073 P188 P256 P324
M-39A	unicorn III seal	P303 P083 P139 P060 P062 P316 P000
M-3A	unicorn I seal	P094 P145 P320
M-40A	unicorn III seal	P125 P186 P301 P122 P089
M-41A	unicorn III seal	P378 P035 P086 P122 P060 P062 P270 P324
M-42A	unicorn III seal	P385 P122 P062 P230 P301
M-43A	unicorn III seal	P360 P142 P122 P056 P230 P324
M-44A	unicorn III seal	P296 P154 P122 P364 P316 P147 P332 P324
M-45A	unicorn III seal	P145 P349 P205 P139 P372 P268 P268
M-46A	unicorn III seal	P353 P201 P050 P122 P060 P062 P230 P324
M-47A	unicorn III seal	P385 P122 P060 P332 P324
M-48A	unicorn III seal	P154 P202 P120 P215 P378 P086
M-49A	unicorn III seal	P076 P145 P091 P205 P122 P145 P050 P062 P230 P000
M-4A	unicorn I seal	P147 P268 P268 P237 P122 P056 P316 P147 P186 P205
M-50A	unicorn III seal	P000 P122 P230 P062 P316 P147 P127 P288 P324
M-51A	unicorn III seal	P011 P086 P324 P060 P091 P215 P230 P324
M-52A	unicorn III seal	P320 P211 P122 P364 P060 P092 P050 P145 P172 P324
M-53A	unicorn III seal	P011 P154 P076 P205 P122 P126 P050 P324 P013
M-54A	unicorn III seal	P378 P122 P230 P316 P147 P062 P051
M-55A	unicorn III seal	P256 P121 P275 P215 P332 P000
M-56A	unicorn III seal	P349 P281 P230 P120 P060 P145 P382 P324
M-57A	unicorn III seal	P258 P122 P230 P056 P145 P051
M-58A	unicorn III seal	P385 P122 P210 P215 P324
M-59A	unicorn III seal	P160 P120 P326 P123 P202
M-5A	unicorn I seal	P256 P120 P060 P062 P096 P324
M-60A	unicorn III seal	P000 P001
M-61A	unicorn III seal	P246 P268 P221 P050 P056 P251 P324
M-62A	unicorn III seal	P234 P310 P230 P325 P122 P051
M-63A	unicorn III seal	P230 P120 P230 P301
M-64A	unicorn III seal	P124 P050 P120 P316 P147 P217
M-65A	unicorn III seal	P289 P316 P121 P144 P050 P217
M-66A	unicorn III seal	P324 P091 P206 P103 P122 P060 P276 P086
M-67A	unicorn III seal	P223 P289 P040 P120 P154 P342 P324
M-68A	unicorn III seal	P047 P260 P160 P120 P326 P194 P324 P013
M-69A	unicorn III seal	P256 P120 P056 P364 P324
M-6A	unicorn I seal	P065 P201 P384 P378
M-70A	unicorn III seal	P256 P086 P122 P145 P051
M-71A	unicorn III seal	P023 P086 P122 P031 P108 P001
M-72A	unicorn III seal	P385 P125 P011 P316 P073 P324
M-73A	unicorn III seal	P000 P181 P217 P098
M-74A	unicorn III seal	P011 P316 P289 P280
M-75A	unicorn III seal	P385 P122 P124 P050 P217
M-77A	unicorn IV seal	P385 P122 P364 P086 P366
M-78A	unicorn IV seal	P226 P145 P043 P324
M-79A	unicorn IV seal	P247 P385 P122 P058 P062 P012 P324
M-7A	unicorn I seal	P385 P122 P062 P175 P154 P009 P154 P324 P011 P352 P086
M-80A	unicorn IV seal	P385 P202 P120 P123 P004
M-81A	unicorn IV seal	P217 P268 P268 P122 P062 P230 P301
M-82A	unicorn IV seal	P086 P230 P082 P122 P053 P324
M-83A	unicorn IV seal	P180 P128 P086
M-84A	unicorn IV seal	P154 P202 P121 P062 P335 P324
M-85A	unicorn IV seal	P070 P251 P325 P058 P217
M-86A	unicorn IV seal	P310 P378 P122 P056 P316 P147 P217
M-87A	unicorn IV seal	P020 P178 P098
M-88A	unicorn IV seal	P058 P110 P301
M-89A	unicorn IV seal	P060 P145 P313 P358 P324
M-8A	unicorn I seal	P270 P011 P316
M-90A	unicorn IV seal	P385 P122 P144 P139 P349 P324
M-91A	unicorn IV seal	P095 P073 P385 P122 P145 P050 P230 P009 P324
M-92A	unicorn IV seal	P253 P369 P122 P091 P215 P075 P324
M-93A	unicorn IV seal	P043 P325 P062 P123 P004
M-94A	unicorn IV seal	P123 P050 P276 P086 P324
M-95A	unicorn IV seal	P342 P040 P122 P123 P086
M-96A	unicorn IV seal	P124 P004
M-97A	unicorn IV seal	P073 P188 P004
M-98A	unicorn IV seal	P127 P288 P324
M-99A	unicorn IV seal	P038 P202 P122 P353 P324
M-9A	unicorn I seal	P327 P205 P144
