{
  "adapters": {
    "count": 3,
    "listed": [
      {
        "checksum": "d570622cbb5ed9ebaeef1e383bd13cc4796b0b18611823f78df51990e7f9a06c",
        "data_keys": [],
        "id": "atom.demo",
        "keys": [
          "id",
          "ts",
          "state",
          "meta"
        ],
        "path": ".adapters/atom.demo.json",
        "ts": 1761437511.3435633
      },
      {
        "checksum": "6589ae2fbdc12ae7e7a131021704baa20d05cc34dd0ea8efba4f9523f8e9cd89",
        "data_keys": [
          "probs",
          "counts"
        ],
        "id": "quantum.hadamard.test",
        "keys": [
          "id",
          "ts",
          "data"
        ],
        "path": ".adapters/quantum.hadamard.test.json",
        "ts": 1761418830.2194624
      },
      {
        "checksum": "143dbd8fad1b1eb58635bf512f8a8500fa1e64182372eef2e8c982895bba7a61",
        "data_keys": [
          "state",
          "meta"
        ],
        "id": "test.demo.state",
        "keys": [
          "id",
          "ts",
          "data"
        ],
        "path": ".adapters/test.demo.state.json",
        "ts": 1761437488.4103158
      }
    ],
    "truncated": 0
  },
  "artifacts": {
    "atom1d": {
      "checksum": "b98f634597c93daac189e103bb3ac7a5e1ec48a624243c71c5c6dad80aa63324",
      "path": "artifacts/atom1d_atom.demo.json",
      "raw_excerpt": null,
      "summary": {
        "norm_sum": 1.0000000000000002,
        "points": 256,
        "sym_err": 1.1590788456411998e-18
      }
    },
    "chsh_scan": {
      "checksum": "72a5f2dc61a6612e924efddf4525e1f6a3e3ea4ea5457daf95821d23f2768a7d",
      "path": "artifacts/chsh_clean.json",
      "raw_excerpt": null,
      "summary": null
    }
  },
  "env": {
    "cupy": {
      "available": false
    },
    "numpy": {
      "version": "2.3.4"
    },
    "platform": "Linux-6.12.13-x86_64-with-glibc2.39",
    "python": "3.12.10 (main, Aug 28 2025, 21:54:05) [GCC 13.3.0]",
    "time": 1761443635.9717717
  },
  "git": {
    "branch": "work",
    "commit": "cfc58df2f07a0318aba920a4ac14387d2a635994",
    "status": "M node_modules/.package-lock.json\nAM quantacap/artifacts/discovery_bundle.zip\nAM quantacap/artifacts/discovery_report.json\nA  quantacap/artifacts/discovery_report.md\nA  quantacap/scripts/__init__.py\nA  quantacap/scripts/_report_utils.py\nA  quantacap/scripts/collect_discovery.py\nM  quantacap/src/quantacap/cli.py\nA  quantacap/tests/test_discovery_report.py\n?? node_modules/accepts/node_modules/.bin/\n?? node_modules/accepts/node_modules/.package-lock.json\n?? node_modules/accepts/node_modules/@babel/\n?? node_modules/accepts/node_modules/@eslint/\n?? node_modules/accepts/node_modules/@humanwhocodes/\n?? node_modules/accepts/node_modules/@istanbuljs/\n?? node_modules/accepts/node_modules/@jridgewell/\n?? node_modules/accepts/node_modules/@types/\n?? node_modules/accepts/node_modules/@ungap/\n?? node_modules/accepts/node_modules/acorn-jsx/\n?? node_modules/accepts/node_modules/acorn/\n?? node_modules/accepts/node_modules/aggregate-error/\n?? node_modules/accepts/node_modules/ajv/\n?? node_modules/accepts/node_modules/ansi-colors/\n?? node_modules/accepts/node_modules/ansi-regex/\n?? node_modules/accepts/node_modules/ansi-styles/\n?? node_modules/accepts/node_modules/anymatch/\n?? node_modules/accepts/node_modules/append-transform/\n?? node_modules/accepts/node_modules/archy/\n?? node_modules/accepts/node_modules/argparse/\n?? node_modules/accepts/node_modules/array-buffer-byte-length/\n?? node_modules/accepts/node_modules/array-includes/\n?? node_modules/accepts/node_modules/array.prototype.flat/\n?? node_modules/accepts/node_modules/arraybuffer.prototype.slice/\n?? node_modules/accepts/node_modules/astral-regex/\n?? node_modules/accepts/node_modules/async-function/\n?? node_modules/accepts/node_modules/available-typed-arrays/\n?? node_modules/accepts/node_modules/balanced-match/\n?? node_modules/accepts/node_modules/baseline-browser-mapping/\n?? node_modules/accepts/node_modules/binary-extensions/\n?? node_modules/accepts/node_modules/brace-expansion/\n?? node_modules/accepts/node_modules/braces/\n?? \u2026"
  },
  "meta": {
    "notes": "Synthetic quantum results; not physical measurements.",
    "timestamp": 1761443635.9717717,
    "title": "Quantacap Discovery Report"
  }
}