{
  "id": "pi.phase.demo",
  "ts": 1761691071.016906,
  "data": {
    "experiment": "pi-phase",
    "summary": {
      "rotations": 100000,
      "precision": 1e-12,
      "seed": 424242,
      "alignment_ratio": 0.68926,
      "phase_lock_ratio": 0.99782,
      "stability_score": 3.915217620952894e-15,
      "mean_rotation": 3.1415926535897936,
      "rotation_std": 1.0170583062738513e-12,
      "tail_std": 1.045416767570693e-12,
      "phase_rms_error": 3.130093230937781e-12,
      "coherence": 3.915217620954196e-15,
      "stabilized": true
    },
    "stability_score": 3.915217620952894e-15,
    "alignment_ratio": 0.68926,
    "phase_lock_ratio": 0.99782,
    "coherence": 3.915217620954196e-15,
    "samples": [
      {
        "step": 390,
        "phase": 6.283185307179397,
        "rotation": 3.141592653590122,
        "phase_error": 1.8829382497642655e-13
      },
      {
        "step": 780,
        "phase": 5.822009541134321e-13,
        "rotation": 3.141592653589522,
        "phase_error": 5.822009541134321e-13
      },
      {
        "step": 1170,
        "phase": 5.0238035953498185e-12,
        "rotation": 3.1415926535914815,
        "phase_error": 5.0238035953498185e-12
      },
      {
        "step": 1560,
        "phase": 6.283185307177874,
        "rotation": 3.1415926535884924,
        "phase_error": 1.7124079931818414e-12
      },
      {
        "step": 1950,
        "phase": 6.2831853071787105,
        "rotation": 3.141592653590709,
        "phase_error": 8.757439218243235e-13
      },
      {
        "step": 2340,
        "phase": 6.283185307175016,
        "rotation": 3.1415926535898047,
        "phase_error": 4.5705661477768444e-12
      },
      {
        "step": 2730,
        "phase": 6.283185307177915,
        "rotation": 3.1415926535888303,
        "phase_error": 1.6715517858756357e-12
      },
      {
        "step": 3120,
        "phase": 6.283185307178964,
        "rotation": 3.1415926535878773,
        "phase_error": 6.217248937900877e-13
      },
      {
        "step": 3510,
        "phase": 6.283185307178245,
        "rotation": 3.1415926535909335,
        "phase_error": 1.341149413747189e-12
      },
      {
        "step": 3900,
        "phase": 6.2831853071793855,
        "rotation": 3.1415926535893157,
        "phase_error": 2.007283228522283e-13
      },
      {
        "step": 4290,
        "phase": 1.171152064216585e-12,
        "rotation": 3.1415926535891945,
        "phase_error": 1.1710632463746151e-12
      },
      {
        "step": 4680,
        "phase": 1.8157919612349361e-12,
        "rotation": 3.14159265358905,
        "phase_error": 1.8157919612349361e-12
      },
      {
        "step": 5070,
        "phase": 6.283185307173054,
        "rotation": 3.1415926535891217,
        "phase_error": 6.532552276894421e-12
      },
      {
        "step": 5460,
        "phase": 6.283185307172485,
        "rotation": 3.1415926535888907,
        "phase_error": 7.100986465502501e-12
      },
      {
        "step": 5850,
        "phase": 4.218847493575595e-13,
        "rotation": 3.141592653588542,
        "phase_error": 4.218847493575595e-13
      },
      {
        "step": 6240,
        "phase": 3.932809633511169e-12,
        "rotation": 3.141592653589738,
        "phase_error": 3.932809633511169e-12
      },
      {
        "step": 6630,
        "phase": 7.813305558102002e-13,
        "rotation": 3.141592653589716,
        "phase_error": 7.811529201262601e-13
      },
      {
        "step": 7020,
        "phase": 6.283185307178601,
        "rotation": 3.141592653589084,
        "phase_error": 9.841016890277388e-13
      },
      {
        "step": 7410,
        "phase": 6.283185307179384,
        "rotation": 3.1415926535914562,
        "phase_error": 2.0250467969162855e-13
      },
      {
        "step": 7800,
        "phase": 6.283185307178604,
        "rotation": 3.1415926535899503,
        "phase_error": 9.823253321883385e-13
      },
      {
        "step": 8190,
        "phase": 3.0730085143204634e-12,
        "rotation": 3.141592653589719,
        "phase_error": 3.0730085143204634e-12
      },
      {
        "step": 8580,
        "phase": 6.283185307174597,
        "rotation": 3.141592653588767,
        "phase_error": 4.988010005035903e-12
      },
      {
        "step": 8970,
        "phase": 9.838352355018288e-13,
        "rotation": 3.141592653589475,
        "phase_error": 9.836575998178887e-13
      },
      {
        "step": 9360,
        "phase": 2.425837308805967e-12,
        "rotation": 3.1415926535884044,
        "phase_error": 2.425615264201042e-12
      },
      {
        "step": 9750,
        "phase": 8.243628002446712e-13,
        "rotation": 3.141592653590784,
        "phase_error": 8.242295734817162e-13
      },
      {
        "step": 10140,
        "phase": 6.283185307177761,
        "rotation": 3.1415926535913856,
        "phase_error": 1.8252066524837574e-12
      },
      {
        "step": 10530,
        "phase": 1.3736567439082136e-12,
        "rotation": 3.1415926535894787,
        "phase_error": 1.3735679260662437e-12
      },
      {
        "step": 10920,
        "phase": 6.28318530717731,
        "rotation": 3.141592653588885,
        "phase_error": 2.276401289691421e-12
      },
      {
        "step": 11310,
        "phase": 6.283185307176363,
        "rotation": 3.1415926535908474,
        "phase_error": 3.2223113066720543e-12
      },
      {
        "step": 11700,
        "phase": 3.8138381341923375e-13,
        "rotation": 3.1415926535895453,
        "phase_error": 3.8138381341923375e-13
      },
      {
        "step": 12090,
        "phase": 6.2831853071782175,
        "rotation": 3.141592653590972,
        "phase_error": 1.3677947663381929e-12
      },
      {
        "step": 12480,
        "phase": 9.357403740750669e-13,
        "rotation": 3.1415926535912457,
        "phase_error": 9.35695965154082e-13
      },
      {
        "step": 12870,
        "phase": 6.283185307176719,
        "rotation": 3.1415926535899965,
        "phase_error": 2.8670399387920042e-12
      },
      {
        "step": 13260,
        "phase": 6.728217982754359e-12,
        "rotation": 3.1415926535915073,
        "phase_error": 6.728217982754359e-12
      },
      {
        "step": 13650,
        "phase": 3.18944870514315e-13,
        "rotation": 3.141592653588929,
        "phase_error": 3.1885605267234496e-13
      },
      {
        "step": 14040,
        "phase": 6.5240257640652996e-12,
        "rotation": 3.14159265358996,
        "phase_error": 6.5240257640652996e-12
      },
      {
        "step": 14430,
        "phase": 6.283185307176408,
        "rotation": 3.1415926535896617,
        "phase_error": 3.177902385687048e-12
      },
      {
        "step": 14820,
        "phase": 6.283185307176417,
        "rotation": 3.141592653589184,
        "phase_error": 3.169020601490047e-12
      },
      {
        "step": 15210,
        "phase": 3.645084234449314e-12,
        "rotation": 3.141592653590624,
        "phase_error": 3.645084234449314e-12
      },
      {
        "step": 15600,
        "phase": 1.1492140572499921e-12,
        "rotation": 3.141592653588996,
        "phase_error": 1.1492140572499921e-12
      },
      {
        "step": 15990,
        "phase": 1.2681855565688237e-12,
        "rotation": 3.1415926535896825,
        "phase_error": 1.2681855565688237e-12
      },
      {
        "step": 16380,
        "phase": 1.198152688175469e-13,
        "rotation": 3.141592653588989,
        "phase_error": 1.198152688175469e-13
      },
      {
        "step": 16770,
        "phase": 1.290967333034132e-12,
        "rotation": 3.1415926535901995,
        "phase_error": 1.290967333034132e-12
      },
      {
        "step": 17160,
        "phase": 1.7533530183300171e-12,
        "rotation": 3.14159265359039,
        "phase_error": 1.7532642004880472e-12
      },
      {
        "step": 17550,
        "phase": 1.3415935029570392e-12,
        "rotation": 3.1415926535909966,
        "phase_error": 1.3415935029570392e-12
      },
      {
        "step": 17940,
        "phase": 6.283185307175854,
        "rotation": 3.141592653589076,
        "phase_error": 3.732125719579926e-12
      },
      {
        "step": 18330,
        "phase": 6.283185307178639,
        "rotation": 3.1415926535896874,
        "phase_error": 9.467981954003335e-13
      },
      {
        "step": 18720,
        "phase": 6.283185307177119,
        "rotation": 3.1415926535893894,
        "phase_error": 2.467359649926948e-12
      },
      {
        "step": 19110,
        "phase": 3.709210716351663e-12,
        "rotation": 3.1415926535894907,
        "phase_error": 3.709033080667723e-12
      },
      {
        "step": 19500,
        "phase": 8.08331179769084e-13,
        "rotation": 3.141592653590561,
        "phase_error": 8.08242361927114e-13
      },
      {
        "step": 19890,
        "phase": 6.283185307179006,
        "rotation": 3.1415926535890697,
        "phase_error": 5.790923296444817e-13
      },
      {
        "step": 20280,
        "phase": 1.729727472365994e-13,
        "rotation": 3.1415926535894285,
        "phase_error": 1.729727472365994e-13
      },
      {
        "step": 20670,
        "phase": 6.283185307177847,
        "rotation": 3.1415926535881322,
        "phase_error": 1.7390533457728452e-12
      },
      {
        "step": 21060,
        "phase": 4.905675865529702e-12,
        "rotation": 3.1415926535904566,
        "phase_error": 4.905675865529702e-12
      },
      {
        "step": 21450,
        "phase": 6.28318530717914,
        "rotation": 3.1415926535895835,
        "phase_error": 4.4586556668946287e-13
      },
      {
        "step": 21840,
        "phase": 6.283185307176265,
        "rotation": 3.1415926535890177,
        "phase_error": 3.3208991112587682e-12
      },
      {
        "step": 22230,
        "phase": 4.6432635514293e-12,
        "rotation": 3.1415926535905356,
        "phase_error": 4.6432635514293e-12
      },
      {
        "step": 22620,
        "phase": 2.7675639557855902e-12,
        "rotation": 3.141592653589607,
        "phase_error": 2.7675639557855902e-12
      },
      {
        "step": 23010,
        "phase": 6.28318530717865,
        "rotation": 3.141592653589278,
        "phase_error": 9.36140054363932e-13
      },
      {
        "step": 23400,
        "phase": 1.0066170119671369e-12,
        "rotation": 3.1415926535911063,
        "phase_error": 1.0066170119671369e-12
      },
      {
        "step": 23790,
        "phase": 2.165112533702995e-12,
        "rotation": 3.1415926535899787,
        "phase_error": 2.1649348980190553e-12
      },
      {
        "step": 24180,
        "phase": 4.0247805088711175e-12,
        "rotation": 3.141592653590246,
        "phase_error": 4.0247805088711175e-12
      },
      {
        "step": 24570,
        "phase": 3.704148099359372e-12,
        "rotation": 3.1415926535898175,
        "phase_error": 3.704148099359372e-12
      },
      {
        "step": 24960,
        "phase": 1.5508483386383886e-12,
        "rotation": 3.1415926535890564,
        "phase_error": 1.5507595207964187e-12
      }
    ]
  },
  "meta": {
    "rotations": 100000,
    "precision": 1e-12,
    "seed": 424242
  }
}